app_id,app_name,rank,country_code,date
com.space.shooter.alien.galaxyattack,„Çπ„Éö„Éº„Çπ„Ç∑„É•„Éº„Çø„Éº:„É¨„Éà„É≠„Ç∑„É•„Éº„ÉÜ„Ç£„É≥„Ç∞„Ç≤„Éº„É†(„Éó„É¨„Éü„Ç¢„É†),1,VE,2019-07-03
com.and.games505.humanfallflat,„Éí„É•„Éº„Éû„É≥Ôºö„Éï„Ç©„Éº„É´„Éª„Éï„É©„ÉÉ„Éà,2,VE,2019-07-03
com.easytech.rome.android,Â§ßÂæÅÊúçËÄÖÔºö„É≠„Éº„Éû,3,VE,2019-07-03
com.cendoncristian.crusoemoji,CrusoeMoji-CelebrityDachshundWienerDogEmojis,4,VE,2019-07-03
com.BEStudio.APThroughTheWormhole,AlbusPrimestone:ThroughtheWormhole,5,VE,2019-07-03
fi.srk.suviseurat2019,SummerServices2019,6,VE,2019-07-03
com.moonow.gameboosterpro,"GamesGOPRO-Bugfix,Lagfix&HighPingFix",7,VE,2019-07-03
com.olivera.glass_hd,GlassHD-IconPack,8,VE,2019-07-03
com.LavecinaRubiaApp.Android,Rubiagendapp,9,VE,2019-07-03
com.iconmarket.iconpack.ios13pack.free,iOS13-IconPack,10,VE,2019-07-03
de.felle.frisbee,Frisbee,11,VE,2019-07-03
mycity.orphan,MyCity:OrphanHouse,12,VE,2019-07-03
com.a1mobile.secretmurder,SecretMurder,13,VE,2019-07-03
com.feralinteractive.rometwbi,ROME:TotalWar-BarbarianInvasion,14,VE,2019-07-03
air.com.alikestudio.bringyouhome,BringYouHome,15,VE,2019-07-03
com.anutoapps.gamebooster,GameBoosterX:BetterGamePlay&FPSMeter,16,VE,2019-07-03
air.com.flipline.papasdonuteriatogo,Papa'sDonuteriaToGo!,17,VE,2019-07-03
com.tinybuild.graveyardkeeper,GraveyardKeeper,18,VE,2019-07-03
com.MathSchoolGame.MMMathSchoolZZZPremium,CrazyTeacherMathineducationschoolPremium,19,VE,2019-07-03
air.com.littlebigplay.games.premium.spellingpro,SpellingPro!(Premium),20,VE,2019-07-03
com.Level5.LT2REU,Layton:Pandora'sBoxinHD,21,VE,2019-07-03
com.equinox.dv,DreamValley,22,VE,2019-07-03
com.devolverdigital.minit,Minit,23,VE,2019-07-03
eyu.on.pica,@picn2kcamera,24,VE,2019-07-03
themes.huawei.emui9black,BlackEmui-9ThemeforHuawei/Honor/Emui,25,VE,2019-07-03
com.facer.GRR.fcrajrjQ0exuJ,GRR|NEWMOONSPACEWatchFace,26,VE,2019-07-03
air.com.besthorrorgames.houseoffear3pro,RescueLucy:FearEscapePRO,27,VE,2019-07-03
com.aromatools.meplus,ModernEssentialsPlus,28,VE,2019-07-03
com.chahal.goog.kingarthur.lots,KingArthur:TheSwordMaster,29,VE,2019-07-03
com.madmangames.benedbloodcrazyparty,BEN&EDPARTY,30,VE,2019-07-03
com.usm.tkkg1,TKKG-DieFeuerprobe,31,VE,2019-07-03
com.infinity.traffix,Traffix(„Éà„É©„Éï„Ç£„ÉÉ„ÇØ„Çπ),32,VE,2019-07-03
com.opalgames.unpasfragile,UnPasFragile,33,VE,2019-07-03
com.nomadgames.mysticvale,MysticVale,34,VE,2019-07-03
com.winstamoda_9169995,instamoda,35,VE,2019-07-03
com.freegamesmania.painttownred,PAINTTOWNRED,36,VE,2019-07-03
com.nariworks.Highway,ÁÑ°Èôê„ÅÆÈ´òÈÄüÈÅìË∑Ø,37,VE,2019-07-03
com.turtleapps.relaxingsleepsoundspro,RelaxingSleepSoundsPRO,38,VE,2019-07-03
mystatusapp.buntyfrombengalssss,TaylorSwiftWallpaperPro,39,VE,2019-07-03
com.brainseal.darkquest2,DarkQuest2,40,VE,2019-07-03
air.com.besthorrorgames.houseoffear2pro,Fearinhospital:survivalPRO,41,VE,2019-07-03
com.ksharkapps.pie.gallery.pro,EXPhotoGalleryPro,42,VE,2019-07-03
com.game.boosterprofast,100XGameboosterprofast,43,VE,2019-07-03
org.blundon.apps.wmwatch.agent0976,AgentWatch0976-WATCHMAKER,44,VE,2019-07-03
com.crevasse.cessabit,Cessabit:aStressReliefGame,45,VE,2019-07-03
com.InGameStudio.CivilizationPayMent,MergeHeroesBattle:BeginEvolveVIP,46,VE,2019-07-03
com.magical3000.sweet_dreams,SweetDreams,47,VE,2019-07-03
com.LightningBolt.ElectricEnergyTycoon,ElectricEnergyTycoon,48,VE,2019-07-03
com.topchartgames.survivalcolony,SurvivalColony,49,VE,2019-07-03
com.kevaid.doodlelens,DoodleLens,50,VE,2019-07-03
com.velites.timerPro,VelitesTimerPRO,51,VE,2019-07-03
com.gamerguide.android.r6tabpro,GuideforRainbowSixSiegePro,52,VE,2019-07-03
com.ebsnew.newversion,EBSCocktails,53,VE,2019-07-03
com.or.netpurifier.splashtohomeangga,NetPurifier:DNScachecleaner,54,VE,2019-07-03
com.yakimachief.mobilesolutionsapp,YakimaChiefHops,55,VE,2019-07-03
air.com.fairytalehigh,FairyTaleHigh,56,VE,2019-07-03
com.euload.germany_driving_restrictions,DESummerTruckBans,57,VE,2019-07-03
com.Medu.Super.Hero.idle.factory.tycoon.inc,SuperHeroFactory:IdleClickerTycoonInc,58,VE,2019-07-03
mystatusapp.buntyfrombengalss,BIllieEilishWallpaperPro,59,VE,2019-07-03
com.nomoc.NuclearFighterPro,NuclearFighterPRO,60,VE,2019-07-03
com.folginar.oxygen,Oxygen-PowerAmpv3Skin,61,VE,2019-07-03
com.dreamon.bubblegum,BubblegumIconPack,62,VE,2019-07-03
com.mtaraapps.waterapp,MikeKhoury'sDrinkWater,63,VE,2019-07-03
com.sreerag.duo,DuoIconPack,64,VE,2019-07-03
com.tenbirds.animus2c,„Ç¢„Éã„Éû„Çπ-„Éè„Éº„Éì„É≥„Ç∏„É£„ÉºÂÆåÂÖ®Áâà,65,VE,2019-07-03
emui.en.com.PureBlackAMOLED,PureBlackAMOLEDEMUI9.1ThemeforP30/Pro,66,VE,2019-07-03
com.bombarika.slg,BOMBARIKA-SAVETHEHOUSES,67,VE,2019-07-03
com.AesthamineStudio.ThinkingWithMagnets,ThinkingWithMagnets1,68,VE,2019-07-03
com.jamstring.rockguitarlicks,60RockGuitarLicks,69,VE,2019-07-03
com.musicplayer.mp3.player,EXMusicMP3PlayerPro,70,VE,2019-07-03
madiva.com.talkenglishconversationpro,Pro-CambridgeEnglish1500Conversation,71,VE,2019-07-03
oceanklwp.kustom.pack,oceanklwptheme,72,VE,2019-07-03
com.moab.so,SiegeOps,73,VE,2019-07-03
com.wJigoloAryanKadnlar_9134086,JigoloArayanKadƒ±nlar,74,VE,2019-07-03
com.tinyapps.settingsphone,RemoteSettingsPhone,75,VE,2019-07-03
co.uk.m9games.stranded3,Stranded:EscapeWhiteSands-Chapter1,76,VE,2019-07-03
com.noadsapp.whatsweb.whatsclone.whats.scan,WhatzScanPro:StatusSaver(NoAds),77,VE,2019-07-03
com.akwebdesigner.ShotOnPro,ShotOnPRO-AutoAddShotOnphoto,78,VE,2019-07-03
com.riesgo.riegopaisargentinapro,ArgentinaRiesgoPa√≠s,79,VE,2019-07-03
com.randomaction.happyblocks,HappyBlocks,80,VE,2019-07-03
com.studiopango.foxfactory,FoxFactory,81,VE,2019-07-03
com.ducktamine.poweramp.v3.skins.marshall,Marshall-DarkRetroGold/MetalPowerampV3Skin,82,VE,2019-07-03
com.reeltoreal.survivor_adventure_pro,SurvivorAdventure:SurvivalIslandPro,83,VE,2019-07-03
com.sjgr.Heidi,Heidi:MountainAdventures,84,VE,2019-07-03
com.flat.evo.iconpack,FlatEvo-IconPack,85,VE,2019-07-03
launcher.alpha.prime,AlphaHybridLauncherPrimeüíéThemes|DIY|News,86,VE,2019-07-03
com.radio.mcde95ac08,SCREWZOORADIO,87,VE,2019-07-03
modernuiforkwgt.kustom.pack,ModernUIforKWGT,88,VE,2019-07-03
com.x3log.napkyns,X3Log,89,VE,2019-07-03
backpack.media.mobilemdt,MobileMDT-NYFD,90,VE,2019-07-03
uit.quocnguyen.learnenglishpronunciationpro,EnglishPronunciationPRO,91,VE,2019-07-03
com.jixtesoft.groceery,Groceery,92,VE,2019-07-03
com.nastylion.pilz,Pilze123,93,VE,2019-07-03
best2.poweramp.vis,BESTIIPOWERAMPVISUALIZATION,94,VE,2019-07-03
com.Immortalgamestudio.TheHills,TheHills-horrorgame,95,VE,2019-07-03
me.onenrico.paypalbalance,PayPalWidget,96,VE,2019-07-03
com.freeantivirus.cleanvirus.pro,AntivirusFreeMobileSecurity(Noads)2019,97,VE,2019-07-03
com.timeloop.bohemic,Bohemic-IconPack,98,VE,2019-07-03
com.storyfixmedia.thepulse,ThePulse,99,VE,2019-07-03
com.chillseekers.deadwave,Deadwave-(ParanormalITCEVPGhostBox),100,VE,2019-07-03
com.iconpack.ios14.free,iOS14-IconPack,101,VE,2019-07-03
com.bruxo.rabbitjump,RabbitJump,102,VE,2019-07-03
io.lcpsmobile.tradecrypto,TradeCrypto-CoinbasePro,103,VE,2019-07-03
com.b16h22.sliced,SlicedIconPack,104,VE,2019-07-03
br.com.devfull.cursodeviolaopro,Ritmosdeviol√£opro,105,VE,2019-07-03
com.EnrageGames.AirCombatWarfare,AirCombatWarfare,106,VE,2019-07-03
com.magiceyerevelation.app,MagicEyeRevelation,107,VE,2019-07-03
com.managercraft.startupcompany,StartupCompany,108,VE,2019-07-03
com.djdarkknight.oneui.sprite,SpriteOneUISynergy,109,VE,2019-07-03
ruff.ruff,ruff,110,VE,2019-07-03
com.edg.betbettings,ÊúÄÈ´ò„ÅÆVIPË≥≠„Åë„ÅÆ„Éí„É≥„ÉàÔºÜ„Çµ„ÉÉ„Ç´„Éº„Ç™„ÉÉ„Ç∫ÔºÜ„Çπ„Éù„Éº„ÉÑ,111,VE,2019-07-03
com.nlabsoft.betakkuma2,„Éô„Çø„ÉÉ„ÇØ„Éû~Âãï„Åè„Çπ„Çø„É≥„Éó‰Ωú„Çä~,112,VE,2019-07-03
com.github.tntkhang.mimaps.band,MiMapsSmartBand,113,VE,2019-07-03
com.ultimatemagicphoto.app,UltimateMagicPhoto,114,VE,2019-07-03
com.icodedream.himisutt_full,HimiUƒìsiliana-SUTT,115,VE,2019-07-03
merakla.com.wordbank,WordBank,116,VE,2019-07-03
com.timeloop.bohemicnoir,BohemicNOIR-IconPack,117,VE,2019-07-03
com.supermd.pro,SuperMDPro(MD/GENEmulator),118,VE,2019-07-03
com.lumni.dev.baralho_pro,BaralhoPremium,119,VE,2019-07-03
com.sports.schedules.mlb.baseball.pro,"PROBaseballLiveScores,Plays,&StatsforMLB",120,VE,2019-07-03
air.com.cgvelocity.spellwriteread2,SWR2SpellWriteReadPhonograms,121,VE,2019-07-03
com.eightfloor.crownoftheempire.premium.googleplay,CrownoftheEmpire,122,VE,2019-07-03
com.iogamesfree.ageofrock,AgesofRock,123,VE,2019-07-03
com.wsnapmintBuyMobileonInstallments_9128517,snapmint-BUYONLINEONINSTALLMENTS,124,VE,2019-07-03
m365.digital.dash.pro,M365DigitalDashPRO,125,VE,2019-07-03
com.pyrgames.castle.battle.pro,"LepricaPROCastlesRaces:Humans,Ancients,Nagas",126,VE,2019-07-03
de.atropos.deep6.pay,Deep6,127,VE,2019-07-03
com.ducktamine.poweramp.v3.skins.minimal,MinimalPowerampV3Skin,128,VE,2019-07-03
jp.co.icc.simap9,ÂÆ∂Á≥ªÂõ≥„Ç¢„Éó„É™„ÄÄË¶™Êàö„Åæ„Å£„Å∑Ôºô,129,VE,2019-07-03
com.mobiledirection.anyrouteradminPro,AnyRouterAdmin:192.168Pro,130,VE,2019-07-03
silhouetteforklwp.kustom.pack,SilhouetteforKLWP,131,VE,2019-07-03
fr.mathador.MathadorSolo,MathadorSolo-JeudeMath√©matiques,132,VE,2019-07-03
com.tnsoft.TinhtoanlkthepPro,SteelconnectionPro,133,VE,2019-07-03
com.rid.alexiv.pro.situations.version,–ü–∞–º—è—Ç–∫–∞–º–∞—à–∏–Ω–∏—Å—Ç—É,134,VE,2019-07-03
com.pranavpandey.calendar.key,EverydayKey,135,VE,2019-07-03
one.zgg.email,ZMail,136,VE,2019-07-03
emui.en.com.MinimalDark,MinimalDarkEMUI9.1forHuaweiP30andP30Pro,137,VE,2019-07-03
com.test.e27mTestapp_02,e27m_Test_DF_02,138,VE,2019-07-03
com.dimalegames.Bump_Balls_Draw_Line_Pro,Physicspuzzles:BumpBallsPro,139,VE,2019-07-03
com.Chorrus.UnbrokenSoul,UnbrokenSoul,140,VE,2019-07-03
sammy.dark.material,DarkMaterialSamsung,141,VE,2019-07-03
com.premiumvpn.fastvpn,FastVPNPremium-Unlimited,142,VE,2019-07-03
com.gewteam.historyoftheday,Historyoftheday,143,VE,2019-07-03
com.freegamesa.cs2d,CS-2D,144,VE,2019-07-03
com.mindfulness.mindfulness,MyMindfulness,145,VE,2019-07-03
com.lehoang.whatsfit,WhatsFite,146,VE,2019-07-03
mobi.freeapps.flashlight.pro,Êáê‰∏≠ÈõªÁÅØPROÔºàÂ∫ÉÂëäÔºÜË®±ÂèØ„Å™„ÅóÔºâ,147,VE,2019-07-03
emui.en.com.MinimalWhite,MinimalWhiteEMUI9.1ThemeforHuawei/Honor,148,VE,2019-07-03
com.lbhedu.kcmdic,ÌïúÍµ≠Ïñ¥ÏÜçÎúªÏÇ¨Ï†Ñ,149,VE,2019-07-03
com.anvix.rog.purple,ROGLegendsIconPack,150,VE,2019-07-03
nightradio.virtualans3,VirtualANS3,151,VE,2019-07-03
com.atanorstudios.adfreepokemon,Pok√®monSwordandShieldCountdownADFree,152,VE,2019-07-03
com.horrorgames.crazyevildeceptions,EvilHorrorDeceptions,153,VE,2019-07-03
ru.geints.agentkacheli.marafonspektra,–ú–∞—Ä–∞—Ñ–æ–Ω–∏–º–°–ø–µ–∫—Ç—Ä,154,VE,2019-07-03
politeapps.chapolinsincerostickers,ChapolinSinceroStickers,155,VE,2019-07-03
com.norseman.rouen.enigma,RouenEnigma,156,VE,2019-07-03
com.afre.rubix.solver.pro,DisSolvePro3D(AdFree)-Solve&Learntosolve,157,VE,2019-07-03
com.teamhc.project17ep2,Ïñ¥ÎñªÍ≤åÎ¥êÎèÑÎÇ¥Ïù∏ÏÉùÏùÄÎÑàÎ¨¥Î∂àÌñâÌïòÎã§2,158,VE,2019-07-03
com.topchartgames.ancientwarfarebattle,AncientWarfareBattle,159,VE,2019-07-03
com.nomadeducation.cahiersdevacances,CahierdeVacances-Primaire,160,VE,2019-07-03
com.sophiehoulden.sophiesdice,Sophie'sDice,161,VE,2019-07-03
com.cris87.crios_carbon,CRiOSCARBON-ICONPACK,162,VE,2019-07-03
com.idle.planets.scv.pro,IdleSCVMinerClickerPro,163,VE,2019-07-03
izzl.pearl.kwgt,PearlKWGT,164,VE,2019-07-03
smartcardklwp.kustom.pack,SmartcardForKLWP,165,VE,2019-07-03
inc.trilokia.instantboost,InstantBoostGOüî•,166,VE,2019-07-03
com.yoga.sbv,YogaMalayalam,167,VE,2019-07-03
com.rockstargames.gtavd,NarcosMafiaII:LimitedEdition,168,VE,2019-07-03
com.atanusanyal.glow,Glow-IconPack,169,VE,2019-07-03
com.minutescenes.schumannresonances,SchumannResonance,170,VE,2019-07-03
hiephoavien.app.sotaythietkexaydung,S·ªïtaythi·∫øtk·∫øv√†x√¢yd·ª±ng,171,VE,2019-07-03
com.badagames.conqueror,SkyLandDefense,172,VE,2019-07-03
w95mobile.kustom.pack,W95MobileRetroKlwpTheme,173,VE,2019-07-03
biz.litmir.deltanav,"cMate-–î–µ–ª—å—Ç–∞–¢–µ—Å—Ç.–°—É–¥–æ–≤–æ–¥–∏—Ç–µ–ª—å.(–ö–∞–ø–∏—Ç–∞–Ω,–°–ü–ö,–í–ü–ö).",174,VE,2019-07-03
com.alquimia.kustom.pack,KlwpAlquimia,175,VE,2019-07-03
com.freegamesmania.incorporatedjusttime,INCORPORATEDJUSTINTIME,176,VE,2019-07-03
com.ksamj.emirates_id_ocr,EmiratesIDOCR,177,VE,2019-07-03
com.gypsyguide.tours.gypsyguidetour.tn.gsm,GreatSmokyMountainsGyPSyGuide,178,VE,2019-07-03
com.embarcadero.KASE_MEGAPLAYER,KASEMegaPlayer,179,VE,2019-07-03
mza.iamrich.mostexpensive.mostexpensivegame2048,ÊúÄ„ÇÇÈ´ò‰æ°„Å™„Ç≤„Éº„É†2048‚úîÔ∏èüëë,180,VE,2019-07-03
com.burkesoftware.simplefancontrol,SimpleFanControl,181,VE,2019-07-03
com.dimalegames.Fill_Water_Bucket_Pro,PhysicsPuzzles:FillWaterBucketPro,182,VE,2019-07-03
com.SmellyFaces.LavenDash,LavenDash,183,VE,2019-07-03
com.monotype.android.font.aaariesl,AaAries‚Ñ¢LatinFlipfont,184,VE,2019-07-03
com.radoslawfelich.blindy2dplatformer,Blindy-Hardest2DPlatformer,185,VE,2019-07-03
mibrahim.oneui.makeup,OneUIMakeup-Substratum/SynergyTheme-Samsung,186,VE,2019-07-03
com.travlr,Travlr,187,VE,2019-07-03
io.trainedtoconquerprod.app,TrainedToConquer,188,VE,2019-07-03
air.KalkulatorSetoranPRO,KalkulatorSetoranPRO,189,VE,2019-07-03
com.makejoy.talk.orange,MJTalkeOrangeNew-Ïπ¥Ïπ¥Ïò§ÌÜ°ÌÖåÎßà,190,VE,2019-07-03
health.app.mrschak.veganscanner,MyVeganScanner,191,VE,2019-07-03
com.outerspacious.sabermoviefx,SaberMovieFX,192,VE,2019-07-03
com.coccco28.erawhiteflat,EraWhiteFlat,193,VE,2019-07-03
com.file.android.filemanaget,ESPROManager,194,VE,2019-07-03
com.specialbit.lurking.android.full,StormhillMystery:FamilyShadows(Full),195,VE,2019-07-03
com.TecnoGames.HardSurvival,HardSurvival,196,VE,2019-07-03
appinventor.ai_zeniffmario1.CATARINA,Catarina,197,VE,2019-07-03
com.krbld.heavysky,HeavySky,198,VE,2019-07-03
com.jlindemannpro.papersplash,PaperSplashPRO-ExclusiveWallpapers+Unsplash,199,VE,2019-07-03
com.spiritualfoxy.myapp,SpiritualFoxy,200,VE,2019-07-03
com.tobiasfried.phosphor.mercury,PhosphorIconPack,201,VE,2019-07-03
edu.iastate.cubemethoddelux,CubeMethod,202,VE,2019-07-03
one.laposte.email,LaPosteMail,203,VE,2019-07-03
appinventor.ai_espinaemma57.LEOPARDODELASNIEVES,LopardoDelasNieves,204,VE,2019-07-03
com.QualiteStudios.LeftvsRightPaid,LeftvsRight-BrainGamePro,205,VE,2019-07-03
appinventor.ai_gonzcruzpliego.DELFINCITOS,Delfincitos,206,VE,2019-07-03
appinventor.ai_espinaemma57.AGUILACALVA,√ÅguilaCalva,207,VE,2019-07-03
com.instantcardchange.app,InstantCardChange,208,VE,2019-07-03
com.dimalegames.Factory_Bearing_Pro,PhysicsPuzzles:FactoryBearingPro,209,VE,2019-07-03
com.shadow.kustom.pack,KlwpShadow,210,VE,2019-07-03
com.sufan.fortnitedemo,FortniteSoundboardPro,211,VE,2019-07-03
com.EmberGlitch.ToppieTopo,ToppieTopo-EuropeseTopografie,212,VE,2019-07-03
com.fatcatlabs.dokki.pro,DokkiPro-DailyDoseofBestQuotes,213,VE,2019-07-03
ping.pro,PINGPRO-CheckNetworkConnectivity,214,VE,2019-07-03
com.brittlebytes.bsstickers,BSStickers,215,VE,2019-07-03
com.ktgos.MyMiniReport,MyMiniReport,216,VE,2019-07-03
waysideklwpwallpaper.kustom.pack,WaysideKLWPWallpaper,217,VE,2019-07-03
com.calm.relaxing.meditationmusicpro,"Sleepsounds-Relax,Yoga,Sleep,MeditationPRO",218,VE,2019-07-03
com.damagecontrolhq.ZapMeALetter,ZapMeALetter,219,VE,2019-07-03
com.shak.rightlapse.rightlapse,Lapse:Fullmanualtimelapsecamera,220,VE,2019-07-03
com.makeithappend.ioa4soundconverter,IOAD4SoundConverter,221,VE,2019-07-03
com.rmg.galaxy.pro,MergeBattlePlanesPRO,222,VE,2019-07-03
com.fireart.SpiritRootsP,SpiritRoots,223,VE,2019-07-03
com.fifa_guide.droy.fifa_guide_ultimate_pro,GuideForFIFA19Pro,224,VE,2019-07-03
com.carpfishingguide.pro,CarpfishingGuidePro,225,VE,2019-07-03
com.eightfloor.cookingtripbotr.premium.mobile,Cookingtrip:Backontheroad,226,VE,2019-07-03
com.dimalegames.Truck_Box_Phy_Line_Pro,PhysicsPuzzles:TruckandBoxLinePro,227,VE,2019-07-03
com.stemkids.pro,STEMKidsAcademy:Science-Tech-Engineering-Math,228,VE,2019-07-03
com.mydoidproductions.zwoll,Zwoll-IconPack,229,VE,2019-07-03
nl.mediavibe.tradfrithunder,TradfriThunderforTR√ÖDFRI,230,VE,2019-07-03
com.topchartappss.hunter2019,HUNTER2019,231,VE,2019-07-03
com.rogame.senetdeluxe,SenetDeluxe,232,VE,2019-07-03
com.yalin.nfctoolsandtaskspro,"NFCtagread,writeandtools-PRO",233,VE,2019-07-03
com.samsoft.flare,Flare,234,VE,2019-07-03
com.kuyun.friend.keyboard_pro,ÂæÆÂïÜËæìÂÖ•Ê≥ï‰∏ì‰∏öÁâà-‰∏çÊäòÂè†ËæìÂÖ•Ê≥ïÊúãÂèãÂúàËæìÂÖ•Ê≥ï,235,VE,2019-07-03
oneuiklwp.kustom.pack,OneUIKLWP,236,VE,2019-07-03
br.com.app.gpu2106867.gpu82f8155f6945a3d1fc485833b9b24856,MEUSUBCONSCIENTEPREMIUM,237,VE,2019-07-03
com.crescentmoongames.foxy2,FoxyLand2,238,VE,2019-07-03
kmt.webrtc.unicallp,Unicall-UnicornÁÑ°Êñô„Éì„Éá„Ç™ÈÄöË©±,239,VE,2019-07-03
rs.automation.QRDocumentacion,RSDocumentaci√≥n,240,VE,2019-07-03
com.bluntlifestyle.edbassmaster,EdBassmasterSounds,241,VE,2019-07-03
com.cloudstudio.biary,"Biary-Ï±ÖÏùΩÍ≥†,Ï±ÖÏùºÍ∏∞",242,VE,2019-07-03
com.ibossolutions.matrixgroup,TheMatrixGroup,243,VE,2019-07-03
com.topchartappss.epicultimatebattle,EpicUltimateBattle,244,VE,2019-07-03
me.LuckyPentagon.LuckyPentagon001,SkySurfer001,245,VE,2019-07-03
com.zombieshepherd2019.rasputinsriddlepremiumedition,Rasputin'sRiddlePremiumEdition:AventuraRetro,246,VE,2019-07-03
com.mmde.crimsonwarden2,KingdomQuest23DRPG,247,VE,2019-07-03
com.ayrissoft.excavatorsimulator,ExcavatorSimulatorGame,248,VE,2019-07-03
com.fredwaltman.BeerGuideBRG,BeerGuideBrugge,249,VE,2019-07-03
com.skylarkdigital.mydartchart,MyDartChart,250,VE,2019-07-03
com.yourcompanyname.mikutheme,XperiathemeMiku,251,VE,2019-07-03
com.eltsacretxet.textercastle,ÎßàÏôïÏÑ±Ïù¥ÎÑàÎ¨¥Ìï¥,252,VE,2019-07-03
com.greenit.voicetomail,VoiceToMail-notesvocalesparemailen2clics!,253,VE,2019-07-03
br.com.app.gpu2115468.gpuaaeb856bc9534f953998d7492d82a91c,Auriculoterapia,254,VE,2019-07-03
com.gandk.teamfighttacticsnoads,TeamfightTacticsItemsCraftingTFTLoLNOADS,255,VE,2019-07-03
com.lusmaapp.radiochansonradiorecording,–†–∞–¥–∏–æ–®–∞–Ω—Å–æ–Ω–†–∞–¥–∏–æ–ó–∞–ø–∏—Å—åPro,256,VE,2019-07-03
com.widgetsup.kustom.pack,WidgetsDesignUP,257,VE,2019-07-03
patristicpublishing.anfcollect,TheCompleteAnte-NiceneFathersCollection,258,VE,2019-07-03
com.verywisetech.pictionarypro,PictionaryWordGenerator-Pro,259,VE,2019-07-03
com.parking.gps.cartracking,GPSCarParking,260,VE,2019-07-03
com.codelightsolutions.indiansteeltable,IndianSteelTable,261,VE,2019-07-03
ch.disd.BlueToothPoker8Pro,BlueToothPoker8-TexasHoldem-NoAds-Pro,262,VE,2019-07-03
appinventor.ai_nikolaslouca.Kidsnanimals2,kidsNanimals,263,VE,2019-07-03
com.JWGames.WhoAmIPRO,BaralhoB√≠blicoPRO-Quemsoueu?,264,VE,2019-07-03
com.smartmath.sub4sub,Sub4Sub:GrowYourYouTubeChannel,265,VE,2019-07-03
com.sam.grayish.green,GrayishGreenIconsPack,266,VE,2019-07-03
com.geoglot.verbblitznorwegian,NorwegianVerbBlitzPro,267,VE,2019-07-03
com.malc.pixelux,Pixelux-PremiumIconSet,268,VE,2019-07-03
com.golive.bangladesh,GoLiveBangladesh3.1,269,VE,2019-07-03
com.makejoy.talk.flat,FlatTalk-Ïã¨ÌîåÌïúÏπ¥Ïπ¥Ïò§ÌÜ°ÌÖåÎßà,270,VE,2019-07-03
com.elektrovozapp.pomogala,–¢–µ—Å—Ç—ã–ø–æ–ü–¢–≠2.0,271,VE,2019-07-03
com.PlusApps2019.orangecatcher,OrangeCatcher2019,272,VE,2019-07-03
cleanos.kustom.pack,CleanOSklwp,273,VE,2019-07-03
com.mani.maniadministration,ÎßàÎãàÌñâÏ†ïÌïô,274,VE,2019-07-03
com.rfo.SCC,SpeechCalorieCounter2019,275,VE,2019-07-03
com.reboundstudios.buddybot,BuddyBot:SlayerofSadness,276,VE,2019-07-03
com.ChryslerDRBeThreeTeam.ChryslerDRBeThreePaid,ChryslerDRBeThree,277,VE,2019-07-03
com.amtbfate.Calendar28,‰∫åÂçÅÂÖ´ÂÆøËê¨Âπ¥ÊõÜ,278,VE,2019-07-03
com.habadigital.artstudio,Digitalwerkstatt„Ç¢„Éº„Éà„Éª„Çπ„Çø„Ç∏„Ç™,279,VE,2019-07-03
com.app.myhospitalstayy,MyHospitalStay,280,VE,2019-07-03
com.digilit.digi,DigiLitApp-CryptoVolumeAlerts,281,VE,2019-07-03
appinventor.ai_CompanyFields.RichAccreditation,RichCertificate,282,VE,2019-07-03
com.e.kommisyon,KomiserYardƒ±mcƒ±lƒ±ƒüƒ±veMisyonKoruma,283,VE,2019-07-03
learnerapp.dictionary.english_premium,EnglishAdvancedLearner'sDictionary-Premium,284,VE,2019-07-03
com.txtsstrcut,BinduImagetoTextScanner,285,VE,2019-07-03
com.edwardsinsight.namethatcuttingpattern,NameThatCuttingPattern,286,VE,2019-07-03
com.poweramp.v3.ud.kickboxinggirls,PowerampSkinv3KickboxingGirls,287,VE,2019-07-03
com.pcpower.osman.myapplication,KegelTrainer&ExercisesPcPower,288,VE,2019-07-03
de.udem.rartgalg,Redensarten-Galgenm√§nnchen,289,VE,2019-07-03
motsoGame.com,RedBall:Line,290,VE,2019-07-03
com.gopublikgo.wafa5,WafaTilawah5,291,VE,2019-07-03
com.slidetosurviveAndroid,SlideToSurvive,292,VE,2019-07-03
com.rahul.himawarisatellite,HimawariSatelliteImage,293,VE,2019-07-03
com.app.healthylifestyle,HealthyLifestyle,294,VE,2019-07-03
com.antzion.salemghostmap,SalemGhostMap,295,VE,2019-07-03
com.smjcreativestudio.EducationalGamesForKids,EducationalGamesForKids,296,VE,2019-07-03
com.laukess.bitcoinwatchface,BitcoinWatchFace,297,VE,2019-07-03
com.thetexttwistpro2020,TextTwist2020,298,VE,2019-07-03
com.app.p1787BGqp,ATToolboxPRO,299,VE,2019-07-03
au.com.itmobilesupport.fishingdiarypro,MyFishingDiary,300,VE,2019-07-03
com.easyroad.delivery,DeliverybyEasyroad,301,VE,2019-07-03
appinventor.ai_07003470PBEGG.UAP_Know2,UAPKnow,302,VE,2019-07-03
com.tl.theme.darkcircles,–¢–µ–º–∞DarkCircles–¥–ª—èTotalLauncher,303,VE,2019-07-03
by.iws.numbergeneratorpro,Áï™Âè∑„Ç∏„Çß„Éç„É¨„Éº„ÇøPro,304,VE,2019-07-03
newlookentertainment.com.promenaizmedjudvaisad,Promenaizmeƒëudvasad,305,VE,2019-07-03
com.kevin.teamspeakstatus,TS3Toolkit-TeamSpeakManagement,306,VE,2019-07-03
com.rstapp.sonoffcontrolpro,„ÇΩ„Éé„Éï„Ç≥„É≥„Éà„É≠„Éº„É´,307,VE,2019-07-03
com.music.meditation.brain,MeditationMusic(BrainActivation),308,VE,2019-07-03
com.itbulls.roulettepredictor.premium,RouletteTrackerandPredictor,309,VE,2019-07-03
com.projectnotes_app.projectnotes,ProjectNotes-GetOrganized,310,VE,2019-07-03
appinventor.ai_juniorpueblonuevo.Colonosdesarteneja,LoscolonosdeSarteneja,311,VE,2019-07-03
com.askvideo.mediacomposer8301,ProduceandPerformCourseForLaunchpadProbyAV,312,VE,2019-07-03
center.thinking.hansoripattern3,ÌïúÍ∏ÄÏÜåÎ¶¨ÏòÅÏñ¥Ìå®ÌÑ¥3Îã®Í≥ÑÎäîÌïòÎ£®30Î∂ÑÏî©3Îã¨Ïù¥Î©¥240Ìå®ÌÑ¥ÏùòÏïîÍ∏∞Í∞ÄÍ∞ÄÎä•Ìï©ÎãàÎã§.,313,VE,2019-07-03
appinventor.ai_jerian2ict.MyListApp,MyListApp,314,VE,2019-07-03
com.catalystmobile.stockjudger,StockJudge,315,VE,2019-07-03
com.t_a_SProductions.buildbox,WallBuild,316,VE,2019-07-03
com.jinnyLab.animalNotes,AnimalNotes,317,VE,2019-07-03
com.hk.coleg.OrcadPspice,OrcadPspiceTraining,318,VE,2019-07-03
com.hk.coleg.MatlabBasic,MatlabBasicTutorial,319,VE,2019-07-03
patristicpublishing.divine,DiaryofSt.MariaFaustinaKowalskawithaudio,320,VE,2019-07-03
com.hk.coleg.MATALABtraining,MATLABTraining,321,VE,2019-07-03
com.hk.coleg.PhotoTrain,PhotoShopTraining,322,VE,2019-07-03
patristicpublishing.esimitation,Imitaci√≥ndeCristo,323,VE,2019-07-03
perea.lujan.com.simplecostingplus,KostingPlus,324,VE,2019-07-03
com.tl.theme.flatui2,–¢–µ–º–∞FlatUI2–¥–ª—èTotalLauncher,325,VE,2019-07-03
ch.nosco.famtree.pro,FamilyTreePro,326,VE,2019-07-03
patristicpublishing.patrick,TheLifeAndWritingsOfSaintPatrick,327,VE,2019-07-03
com.fomas.BoredCatemoji,NewWAStickerAppsüòªCatStickersForWhatsApp,328,VE,2019-07-03
com.whatsgoodapps.alyandajmojiwithaudiosms,Aly&AJmojiwithAudioisms,329,VE,2019-07-03
ke.co.northfronttechnologies.m_lughanep_kicd_english_somali_paid,M-Lugha(English-Somali)LanguageActivitiesECD,330,VE,2019-07-03
com.mindtame.app,MindTame,331,VE,2019-07-03
com.ek.pharmacyapp,Œ¶œÅŒ±ŒºŒ±Œ∫ŒµŒØŒ±ŒöœçœÄœÅŒøœÖ(œÉœÖŒºœÄ.ŒìŒïŒ£Œ•),332,VE,2019-07-03
com.QUIKGames.TheEscapeFromIsland,TheEscapeFromIsland,333,VE,2019-07-03
hr.apps.n207415273,OpenGardens,334,VE,2019-07-03
com.sickweather.app,Sickweather,335,VE,2019-07-03
com.shadowrocketpro.shadowsocks,ShadowrocketShadowsocksPro,336,VE,2019-07-03
com.gluck.tsfnextadwsmartmulti.theme.gothic.night,TSFADWNovaSmartGOLAUNCHERGOTHICNIGHTTHEME,337,VE,2019-07-03
appinventor.ai_veronicaherreracastaneda75.PEZESPADA,PEZESPADA,338,VE,2019-07-03
appinventor.ai_espinaemma57.PINGUINITO,Ping√ºinitos,339,VE,2019-07-03
com.komikermedia.Clish,ClishRush,340,VE,2019-07-03
com.triumphantheart.dissertationdefensecoach,DissertationDefenseCoach,341,VE,2019-07-03
appinventor.ai_veronicaherreracastaneda75.ARDILLASHERMOSAS,ARDILLASHERMOSAS,342,VE,2019-07-03
com.real.super.betting.tips,BettingTipsSuperHTFT,343,VE,2019-07-03
patristicpublishing.anf03,"LatinChristianity:ItsFounder,Tertullian(ANF3)",344,VE,2019-07-03
appinventor.ai_jv5207234.pumain,pumaradiante,345,VE,2019-07-03
air.com.littlebigplay.games.premium.spellingchallenge,SpellingChallengePRO,346,VE,2019-07-03
com.ux8dark,[UX8]DarkThemeforLGG8V50V40Pie,347,VE,2019-07-03
com.p2159df5fa7c.app,ApostolicC&VPro,348,VE,2019-07-03
patristicpublishing.anf09,VariousApocryphalworksandOrigen(ANF09),349,VE,2019-07-03
patristicpublishing.anf08,TheClementiaandApocrypha(ANF08),350,VE,2019-07-03
patristicpublishing.anf07,ThirdandFourthCenturyFathers(ANF07),351,VE,2019-07-03
com.amar.calculator4tp,Calculator4TP,352,VE,2019-07-03
com.ceia.fmd,CEIAFMD,353,VE,2019-07-03
com.paharang.mydiarypro,Ìì®Ïñ¥Îã§Ïù¥Ïñ¥Î¶¨Pro,354,VE,2019-07-03
com.jjandson.androidxmigration,MyBengkel,355,VE,2019-07-03
patristicpublishing.anf06,FathersoftheThirdCenturyAFN06,356,VE,2019-07-03
de.ueen.filmklappepro,ClapperboardPro-PremiumSlate,357,VE,2019-07-03
soccer.roll.over.app,SoccerRollOverApp,358,VE,2019-07-03
com.threedogjob.moneyclock,MoneyClock&TimesheetGenerator,359,VE,2019-07-03
fuiv19.kustom.pack,FUIv19,360,VE,2019-07-03
com.Company.PepegaClicker,PepegaClicker,361,VE,2019-07-03
com.camerafix.errorfixpaid,„Ç´„É°„É©„Ç®„É©„Éº‰øÆÊ≠£-„ÇØ„É©„ÉÉ„Ç∑„É•„Éï„Ç£„ÇØ„Çµ„Éº,362,VE,2019-07-03
com.wBitkoinkupitvodinklik_9132040,–ë–∏—Ç–∫–æ–∏–Ω–∫—É–ø–∏—Ç—å–≤–æ–¥–∏–Ω–∫–ª–∏–∫,363,VE,2019-07-03
com.wBuyproBitcoin_9131968,BuyproBitcoin,364,VE,2019-07-03
com.wBuyBitcoin_9131490,BitcoinBuy,365,VE,2019-07-03
com.stickerstation.file.euexplorer,EUFileExplorerPro,366,VE,2019-07-03
com.surgepro.shadowsocks,SurgeShadowsocksPro,367,VE,2019-07-03
com.instantfun.game.planetdefender,PlanetGuarder,368,VE,2019-07-03
com.real.betting.tips.correct.score,RealBettingTipsCorrectScore,369,VE,2019-07-03
iddaa.tahminleriii,ƒ∞ddaaTahminleri%95Kazan√ß,370,VE,2019-07-03
com.HarrisonStamathis.SinkBoat,SinkIt!,371,VE,2019-07-03
com.madmangames.xdriftracing,X-DriftRacing,372,VE,2019-07-03
aaa.game.newmakemoney,ÁôºÂ§ßË≤°,373,VE,2019-07-03
flyback.transformer.pro,–û–±—Ä–∞—Ç–Ω–æ—Ö–æ–¥,374,VE,2019-07-03
illusioniz.team.ticket.kwgt,TicketKWGT,375,VE,2019-07-03
dcdc.kustom.pack,DCDCForKLWP,376,VE,2019-07-03
com.dslnsports.apphtfttips,TheHT/FT2/1Tips,377,VE,2019-07-03
com.dslnsports.appeliteroyal,TheEliteRoyal,378,VE,2019-07-03
com.cubik.returntocube,RETURNTOCUBEPLANET,379,VE,2019-07-03
be.particulitis.twaddlepaddle,TwaddlePaddle,380,VE,2019-07-03
com.darko4.iconpack,Darko4-IconPack,381,VE,2019-07-03
com.virusoft.amlosoundboardvip,SoundboardFrasesAMLO-VIP(SINANUNCIOS),382,VE,2019-07-03
com.arjunarora.metallicsilvericons,MetallicSilverIconsByArjunArora,383,VE,2019-07-03
com.arjunarora.metallicblueicons,MetallicBlueIconsByArjunArora,384,VE,2019-07-03
com.virtualescapes.timetosleep,NightCreatures,385,VE,2019-07-03
com.ilkrmshn.siirlerpro,Usta≈ûairlerden≈ûiirler-Pro,386,VE,2019-07-03
appinventor.ai_vivasntv1.vivasn,vivadi,387,VE,2019-07-03
appinventor.ai_mg2365445.trompetas,trompetasmagicas,388,VE,2019-07-03
com.JadeusGames.Bewildebots,Bewildebots,389,VE,2019-07-03
appinventor.ai_jv5207234.perropra,perropra,390,VE,2019-07-03
appinventor.ai_veronicaherreracastaneda75.TORTUGAMARINA,TORTUGAMARINA1,391,VE,2019-07-03
mystatusapp.buntyfrombengalsss,BTSWallpaperPro,392,VE,2019-07-03
com.MosoGames.OffRoadMonster,OffRoadMonster,393,VE,2019-07-03
com.anime_sticker.anime_fans,+2000AnimeStickerforWhatsapp-NoAds,394,VE,2019-07-03
com.test.e26wtestapp_02_1,e26w_Test_DF-02,395,VE,2019-07-03
appinventor.ai_jv5207234.pelicanoher,pelicanochi,396,VE,2019-07-03
com.goodbarber.inthemoodfor,inthemoodforArles,397,VE,2019-07-03
com.AppInstitute.canwetal1,KingdomConvos,398,VE,2019-07-03
appinventor.ai_jackpot63.MixE85,MixE85,399,VE,2019-07-03
appinventor.ai_mg2365445.MARACAS,maracasmaracas,400,VE,2019-07-03
newin.kustom.pack,NewInforKlwp,401,VE,2019-07-03
me.yuichi0301.reversilab,ReversiLab,402,VE,2019-07-03
com.gopublikgo.wafa2,WafaTilawah3,403,VE,2019-07-03
com.mobiledev.qrscanner.pro,QCheck-QRScanner„ÄÅÂïÜÂìÅ„Çí„ÉÅ„Çß„ÉÉ„ÇØ„Åô„Çã(Proversion),404,VE,2019-07-03
appinventor.ai_alejandroramosarmienta810.dolar,Dolar,405,VE,2019-07-03
com.usatineMediaLLC.schwartzSurgery11e,"Schwartz‚ÄôsPrinciplesofSurgery,11thedition",406,VE,2019-07-03
horus.com,HORUSyourEYESontheroad,407,VE,2019-07-03
com.ardis.halfblooded1,–ü–æ–ª—É–∫—Ä–æ–≤–∫–∞.–¢–µ–Ω—å–Ω–∞—Å–≤–µ—Ç—É.–í—ã—Å–æ—Ü–∫–∞—è–ö.–ê—É–¥–∏–æ–∫–Ω–∏–≥–∞,408,VE,2019-07-03
com.solcom.calculadorablue60,CalculadoraBlue60,409,VE,2019-07-03
com.solcom.calculatorbasic2,CalculadoraBlack120,410,VE,2019-07-03
com.amtbfate.CalendarWT,Â§©ÂÖÉÁÉèÂÖîËê¨Âπ¥ÊõÜ,411,VE,2019-07-03
rammor.wmwatch.RumblingKnight,RumblingKnightwatchfaceforWatchmaker,412,VE,2019-07-03
com.minomi.minomi,Minomi‚ÄìlearnEnglisheasily,413,VE,2019-07-03
com.infomillenaire.rabbitfall,RabbitFall,414,VE,2019-07-03
noads.englishbible.cebuanobible,CebuanoBibleEnglishBibleParallel,415,VE,2019-07-03
html.editor.codeplay.pro,HTMLEditorPro,416,VE,2019-07-03
com.me.fastnet.vpn.pro,MEVPNPRO-Paid26VIPPremiumServersNoAds,417,VE,2019-07-03
com.app.fantasyfindrapp,FantasyFINDR:LocalSocialNetworkingApp,418,VE,2019-07-03
com.dslnsports.appviptips,TheVIPTips,419,VE,2019-07-03
com.softproject.who,Who?-–ö—Ç–æ—Å–∫–∞—á–∞–ª?,420,VE,2019-07-03
com.softproject.who,Who?-–ö—Ç–æ—Å–∫–∞—á–∞–ª?,421,VE,2019-07-03
com.getmy.platunf,PlatinUnf,422,VE,2019-07-03
dondeviaja.mx,ViajesTipsMx,423,VE,2019-07-03
com.cosdevs.errorprank,WindowsXP-ErrorPrank:Prankfriends!,424,VE,2019-07-03
appinventor.ai_mg2365445.flautas,flautasmusicales,425,VE,2019-07-03
com.mapgears.sans_2018_2019,GoSnowmobilingSANS2018-2019,426,VE,2019-07-03
com.wVivy_9085787,Vivy,427,VE,2019-07-03
deluxehome.kustom.pack,DeluxeHomeforKLWP,428,VE,2019-07-03
slavasoft.badmintonhealth,BadmintonHealthforWatch,429,VE,2019-07-03
ru.yarro.reportelectro,REPORT–≠–ª–µ–∫—Ç—Ä–æ.–ü–æ–∫–∞–∑–∞–Ω–∏—è—Å—á–µ—Ç—á–∏–∫–∞,430,VE,2019-07-03
fs.wmwatch.wx1,FSWX-1DigitalWatchFaceForWatchMakerUsers,431,VE,2019-07-03
com.natureclan.stickers,NatureClan,432,VE,2019-07-03
air.com.littlebigplay.games.madpetskateboarding,MadpetSkateboardingPRO,433,VE,2019-07-03
com.SiaoLim.VIQ7,PortableViewerforOCIMFSIREVIQ7,434,VE,2019-07-03
com.crisjuarezplay.puntuadordebatallaspremium,REPLICA!+(JuradobatallasFMS-RAP),435,VE,2019-07-03
es.nutsoftware.waifu2x,Waifu2x-Premium,436,VE,2019-07-03
fuiv18.kustom.pack,FUIv18,437,VE,2019-07-03
com.whitefoxgames.kaijubeat,KaijuBeat,438,VE,2019-07-03
com.Carcas.RatMaze,RatLab,439,VE,2019-07-03
com.ittiponblog.Talk_2_translate,Translate2way,440,VE,2019-07-03
com.cdys.bian,ÂΩºÂ≤∏ÁîªÂªä,441,VE,2019-07-03
com.BulgarianByABrit.Verbs,BulgarianVerbs-Practice99Verbs!,442,VE,2019-07-03
com.ardis.kriabal1,–ö—Ä–∏–∞–±–∞–ª.–¢—å–º–∞—É–≤–æ—Ä–æ—Ç.–ê—É–¥–∏–æ–∫–Ω–∏–≥–∞.–†—É–¥–∞–∑–æ–≤–ê.,443,VE,2019-07-03
com.solcom.calculadorablack110,CalculadoraBlack110,444,VE,2019-07-03
patristicpublishing.anf05,"ThirdCenturyFathers:St.Hippolytus,Cyprian...",445,VE,2019-07-03
com.danielstrasel.visceraloutcriesofasocialmoron,VisceralOutcriesofaSocialMoron,446,VE,2019-07-03
com.laitauril.MrJoshuaCarrotP,Mr.JoshuaCarrot,447,VE,2019-07-03
patristicpublishing.anf04,FathersoftheThirdCentury(Ante-Nicenev.4),448,VE,2019-07-03
id.application.gopuppy,GoPuppy,449,VE,2019-07-03
com.AppInstitute.socialwo3,ResolutionToday,450,VE,2019-07-03
com.harshobat.simplequiz,SimpleQuiz,451,VE,2019-07-03
com.Mylove.canica,„Ç´„Éä„Ç´,452,VE,2019-07-03
com.kapptan.cardriftracing,DriftRace-CarDrivingSimulator,453,VE,2019-07-03
com.askvide.opz104,OP-ZExploredCourseForTeenageEngineeringbyAV,454,VE,2019-07-03
com.MathAttax.MathAttaxPlusSums,MathAttaxPlus:Learnsumsfast,455,VE,2019-07-03
com.sidewalkstorieslives.llmcb,SidewalkStoriesTheLemonadeLandingMatColoring,456,VE,2019-07-03
com.zeus.unitingurantia1,UnitingUrantia,457,VE,2019-07-03
ru.wtruib.cml,CMLConsumabalMaterialList,458,VE,2019-07-03
appinventor.ai_fthmekatronik.UniverseValue_1,UniverseValue_1,459,VE,2019-07-03
pulpo.recetas,pulporecetas,460,VE,2019-07-03
robi.anticipo.caccia,Anticiponellosparo-piattelloecaccia,461,VE,2019-07-03
com.gopublikgo.wafa4,WafaTilawah4,462,VE,2019-07-03
com.companyname.Green_Zone,GreenZone,463,VE,2019-07-03
premium.tips6,Oddstar(Premium},464,VE,2019-07-03
com.jonniewolfgames.piggy.space.fighter.pro,PiggySpaceFighterPro,465,VE,2019-07-03
noads.englishbible.russianbible,RussianBibleEnglishBibleParallel,466,VE,2019-07-03
pescados.ymariscos,pescadosymariscos,467,VE,2019-07-03
us.electronic.usbng,USBNetworkGate-ShareUSBdevicesoverNetwork,468,VE,2019-07-03
com.tmoon.fxnanpin,FX„Éä„É≥„Éî„É≥„Ç∑„Éü„É•„É¨„Éº„Çø„Éº,469,VE,2019-07-03
com.shinetech.littlelearnerssamoa,LittleLearnersSamoa,470,VE,2019-07-03
appinventor.ai_enjayk4763.S_HANDICAP_PUB_1_colour,SQUASH:HANDICAP,471,VE,2019-07-03
com.MaticcoInteractive.Patient11.EscapeRoom.VR,Patient11VR-VirtualRealityEscapeRoom,472,VE,2019-07-03
air.com.littlebigplay.games.premium.gemwars,GemwarsPRO,473,VE,2019-07-03
com.sarabrogkaaukhandnaam,GurbaniHealing,474,VE,2019-07-03
bsharp.wmwatch.bsharpinsight,Insight-PremiumHDwatchfaceforsmartwatches,475,VE,2019-07-03
com.InfinityIncteam.Tcube,Tcube:TicTacToe,476,VE,2019-07-03
space.blam.bb25,HateMe-Ununlockable,477,VE,2019-07-03
com.subatomicsoftware.dm,DraftMachineFantasyFootballCheatSheet2019,478,VE,2019-07-03
com.FortyTwoBytes.MOK,MOK:SuperSpaceTaxi,479,VE,2019-07-03
fixed.drawsapp,FixedDrawsApp,480,VE,2019-07-03
com.androidfromfrankfurt.flutterconcertlogpro,ConcertLog2Pro,481,VE,2019-07-03
ru.iqmom.app,IQmom–ì—Ä—É–¥–Ω–æ–µ–≤—Å–∫–∞—Ä–º–ª–∏–≤–∞–Ω–∏–µ:–ø—Ä–∏–∫–ª–∞–¥—ã–≤–∞–Ω–∏–µ–∏–ø–æ–∑—ã.,482,VE,2019-07-03
com.cris87.one_ui_fluo,ONEUIFLUO-ICONPACK,483,VE,2019-07-03
com.GameArtStudio.WoodBox,WoodBox-–ü–æ—Å—Ç—Ä–æ–π—Å–≤–æ—é–±–∞—à–Ω—é!,484,VE,2019-07-03
com.crescentmoongames.kot2,KnightsofTartarus,485,VE,2019-07-03
com.creetah.GameOfLife3D,Conway'sGameofLife3Dsimulation,486,VE,2019-07-03
com.leogames.QuizChallenge3,MostExpensiveQuizGame,487,VE,2019-07-03
gradjentpro.grabsterstudios.pack,GradjentForKLWP(Unlocked),488,VE,2019-07-03
air.vn.com.mepro.vietnamese.pronunciation.webstyle.offline89,MeproV8-9,489,VE,2019-07-03
air.vn.com.mepro.vietnamese.pronunciation.webstyle.offline79,MeproV7-9,490,VE,2019-07-03
air.vn.com.mepro.vietnamese.pronunciation.webstyle.offline69,MeproV6-9,491,VE,2019-07-03
air.vn.com.mepro.vietnamese.pronunciation.webstyle.offline59,MeproV5-9,492,VE,2019-07-03
air.vn.com.mepro.vietnamese.pronunciation.webstyle.offline49,MeproV4-9,493,VE,2019-07-03
air.vn.com.mepro.vietnamese.pronunciation.webstyle.offline39,MeproV3-9,494,VE,2019-07-03
air.vn.com.mepro.vietnamese.pronunciation.webstyle.offline29,MeproV2-9,495,VE,2019-07-03
com.hooolm.smokerings,SmokeRings,496,VE,2019-07-03
com.ndiviapps.photoeditorpro,„Éï„Ç©„Éà„Ç®„Éá„Ç£„Çø„Åù„Åó„Å¶„Éï„Ç£„É´„Çø„Éó„É≠,497,VE,2019-07-03
jp.co.arrowbits.pbmg.release,„É¢„Ç∞„É©„Åè„Çì„ÅÆÂú∞‰∏ã„ÅÆÊóÖ,498,VE,2019-07-03
com.tambucho.inforadars,InfoRadarsPro,499,VE,2019-07-03
com.galaxyux.black.kakao.theme,Î∏îÎûôÏö∞Ï£ºÏπ¥Ïπ¥Ïò§ÌÜ°ÌÖåÎßà(GALAXYUXBLACK),500,VE,2019-07-03
com.atom.aodwallpaper,WallpapersforAOD(Samsung'sAlwaysOnDisplay),501,VE,2019-07-03
com.fomas.FunnyCatNew,NewWAStickerAppsüòªCatStickersForChats,502,VE,2019-07-03
uit.quocnguyen.flashnotificationpropro,FlashNotification-FlashAlertonCall&SMSPRO,503,VE,2019-07-03
com.companyname.WhoisRich,WhoisRich,504,VE,2019-07-03
com.v7software.cdlbigrigexampro,CDLBigRigExamPro,505,VE,2019-07-03
com.EmptySystems.hascompradolechexd,Hascompradolechexd?,506,VE,2019-07-03
com.doublebearrolled.mondayne,Mondayne,507,VE,2019-07-03
ifool.kr.korea_time_table_pro,ÌïúÍµ≠ÏÇ¨ÎπàÏπ∏ÎÖ∏Ìä∏-Íµ≠ÏÇ¨ÎäîÏïîÍ∏∞Îã§,508,VE,2019-07-03
com.R58games.tuglaKirma,TUƒûLAKIRICI.,509,VE,2019-07-03
com.ardis.thinkofrevolution2,–ù–∞–≥—Ä–∞–Ω–∏–≤–µ–∫–æ–≤.–ó—É–±–æ–≤–ê.–ë.–ê—É–¥–∏–æ–∫–Ω–∏–≥–∞,510,VE,2019-07-03
com.doia.doia.haikuPay,HaikuDo+,511,VE,2019-07-03
patristicpublishing.anf02,SecondCenturyFathers(Ante-NiceneFathersV.2),512,VE,2019-07-03
com.ramazanozturk.saklikelimeler,SAKLIKELƒ∞MELER.,513,VE,2019-07-03
com.osmannoah.on_site_soccer_analysis,On-SiteSoccerAnalysis,514,VE,2019-07-03
org.geekscape.recipelady,RecipeLadyPro,515,VE,2019-07-03
patristicpublishing.anf01,TheApostolicFathers(Ante-NiceneFathersVol.1),516,VE,2019-07-03
com.QuickShockGames.BettertoUploadfg,BettertoUpload,517,VE,2019-07-03
id.application.demoncrystalnew,DemonCrystal,518,VE,2019-07-03
com.axiom.defender,AXIOMdefender,519,VE,2019-07-03
com.wEMIStores_9153311,EMIstores,520,VE,2019-07-03
jp.co.logovista.dic.GEN2019,Áèæ‰ª£Áî®Ë™û„ÅÆÂü∫Á§éÁü•Ë≠ò2019,521,VE,2019-07-03
flyback.transformer.en,Flayback,522,VE,2019-07-03
serious.games.dev,SignMemoryMatch,523,VE,2019-07-03
org.colussus.build,FlexTVBox-MoviesTVShow&LiveTV,524,VE,2019-07-03
com.taiku,TaikuPoetry,525,VE,2019-07-03
appinventor.ai_kglam88888.science_magic_ebook,Ê•µÈÄü‰∏äÊâãÁßëÂ≠∏È≠îË°ìÈõªÂ≠êÁâà,526,VE,2019-07-03
com.ChoisGames.GunFactory,GunFactory-CraftingTycoon,527,VE,2019-07-03
com.faisalansari.curis,Curis,528,VE,2019-07-03
com.PrateekSharma.ColorConfusion,ColorConfusion:WordPuzzle,529,VE,2019-07-03
com.arility.arilitysafetyeducation,ArilitySafetyEducation,530,VE,2019-07-03
com.GunsGod.TiliTiliBom2,Tilitilibom2(HorrorGame)Episodio1,531,VE,2019-07-03
jp.co.studiotrigger.mate,„Éû„Ç§„É°„Ç´„Éà„É≠„É°„Ç§„Éà,532,VE,2019-07-03
com.psikomotorapp,Psikomotor2-HavaHarpOkuluPilotTesti,533,VE,2019-07-03
com.tayyiporal.clep500,CLEPCollegeAlgebra500QuestionswithAnswers,534,VE,2019-07-03
com.fatikngage.gpeak,GPeakProbisikletbilgisayarƒ±,535,VE,2019-07-03
com.compart_multimedia.uffizigallery,UnofficialUffiziGalleryaudioguides,536,VE,2019-07-03
winaero.kustom.pack,WinAeroKLWP,537,VE,2019-07-03
com.k.KScanner,K-Scanner,538,VE,2019-07-03
com.oracle807.mahmoud,1Z0-807,539,VE,2019-07-03
patristicpublishing.frimitation,L'ImitationdeJ√©sus-Christ,540,VE,2019-07-03
